-- Inserción de datos en la tabla ESTADOS
INSERT INTO ESTADO (ESTADO_ID, NOMBRE) VALUES ('ES01', 'Aguascalientes');
INSERT INTO ESTADO (ESTADO_ID, NOMBRE) VALUES ('ES02', 'Baja California');
INSERT INTO ESTADO (ESTADO_ID, NOMBRE) VALUES ('ES03', 'Baja California Sur');
INSERT INTO ESTADO (ESTADO_ID, NOMBRE) VALUES ('ES04', 'Campeche');
INSERT INTO ESTADO (ESTADO_ID, NOMBRE) VALUES ('ES05', 'Chiapas');
INSERT INTO ESTADO (ESTADO_ID, NOMBRE) VALUES ('ES06', 'Chihuahua');
INSERT INTO ESTADO (ESTADO_ID, NOMBRE) VALUES ('ES07', 'Coahuila');
INSERT INTO ESTADO (ESTADO_ID, NOMBRE) VALUES ('ES08', 'Colima');
INSERT INTO ESTADO (ESTADO_ID, NOMBRE) VALUES ('ES09', 'Durango');
INSERT INTO ESTADO (ESTADO_ID, NOMBRE) VALUES ('ES10', 'Guanajuato');
INSERT INTO ESTADO (ESTADO_ID, NOMBRE) VALUES ('ES11', 'Guerrero');
INSERT INTO ESTADO (ESTADO_ID, NOMBRE) VALUES ('ES12', 'Hidalgo');
INSERT INTO ESTADO (ESTADO_ID, NOMBRE) VALUES ('ES13', 'Jalisco');
INSERT INTO ESTADO (ESTADO_ID, NOMBRE) VALUES ('ES14', 'Mexico');
INSERT INTO ESTADO (ESTADO_ID, NOMBRE) VALUES ('ES15', 'Michoacán');
INSERT INTO ESTADO (ESTADO_ID, NOMBRE) VALUES ('ES16', 'Morelos');
INSERT INTO ESTADO (ESTADO_ID, NOMBRE) VALUES ('ES17', 'Nayarit');
INSERT INTO ESTADO (ESTADO_ID, NOMBRE) VALUES ('ES18', 'Nuevo León');
INSERT INTO ESTADO (ESTADO_ID, NOMBRE) VALUES ('ES19', 'Oaxaca');
INSERT INTO ESTADO (ESTADO_ID, NOMBRE) VALUES ('ES20', 'Puebla');
INSERT INTO ESTADO (ESTADO_ID, NOMBRE) VALUES ('ES21', 'Querétaro');
INSERT INTO ESTADO (ESTADO_ID, NOMBRE) VALUES ('ES22', 'Quintana Roo');
INSERT INTO ESTADO (ESTADO_ID, NOMBRE) VALUES ('ES23', 'San Luis Potosí');
INSERT INTO ESTADO (ESTADO_ID, NOMBRE) VALUES ('ES24', 'Sinaloa');
INSERT INTO ESTADO (ESTADO_ID, NOMBRE) VALUES ('ES25', 'Sonora');
INSERT INTO ESTADO (ESTADO_ID, NOMBRE) VALUES ('ES26', 'Tabasco');
INSERT INTO ESTADO (ESTADO_ID, NOMBRE) VALUES ('ES27', 'Tamaulipas');
INSERT INTO ESTADO (ESTADO_ID, NOMBRE) VALUES ('ES28', 'Tlaxcala');
INSERT INTO ESTADO (ESTADO_ID, NOMBRE) VALUES ('ES29', 'Veracruz');
INSERT INTO ESTADO (ESTADO_ID, NOMBRE) VALUES ('ES30', 'Yucatán');
INSERT INTO ESTADO (ESTADO_ID, NOMBRE) VALUES ('ES31', 'Zacatecas');

-- Inserción de datos en la tabla PUESTO
INSERT INTO PUESTO (PUESTO_ID, PUESTO) VALUES ('P01', 'Recepcionista');
INSERT INTO PUESTO (PUESTO_ID, PUESTO) VALUES ('P02', 'Enfermero');
INSERT INTO PUESTO(PUESTO_ID,PUESTO) VALUES ('P03','Medico');

-- Inserción de datos en la tabla ESPECIALIDAD
INSERT INTO ESPECIALIDAD (ESPEC_ID, NOMBRE) VALUES ('ESP01', 'Cardiología');
INSERT INTO ESPECIALIDAD (ESPEC_ID, NOMBRE) VALUES ('ESP02', 'Dermatología');
INSERT INTO ESPECIALIDAD (ESPEC_ID, NOMBRE) VALUES ('ESP03', 'Endocrinología');
INSERT INTO ESPECIALIDAD (ESPEC_ID, NOMBRE) VALUES ('ESP04', 'Gastroenterología');
INSERT INTO ESPECIALIDAD (ESPEC_ID, NOMBRE) VALUES ('ESP05', 'Ginecología');
INSERT INTO ESPECIALIDAD (ESPEC_ID, NOMBRE) VALUES ('ESP06', 'Hematología');
INSERT INTO ESPECIALIDAD (ESPEC_ID, NOMBRE) VALUES ('ESP07', 'Infectología');
INSERT INTO ESPECIALIDAD (ESPEC_ID, NOMBRE) VALUES ('ESP08', 'Neumología');
INSERT INTO ESPECIALIDAD (ESPEC_ID, NOMBRE) VALUES ('ESP09', 'Neurología');
INSERT INTO ESPECIALIDAD (ESPEC_ID, NOMBRE) VALUES ('ESP10', 'Nefrología');
INSERT INTO ESPECIALIDAD (ESPEC_ID, NOMBRE) VALUES ('ESP11', 'Oftalmología');
INSERT INTO ESPECIALIDAD (ESPEC_ID, NOMBRE) VALUES ('ESP12', 'Oncología');
INSERT INTO ESPECIALIDAD (ESPEC_ID, NOMBRE) VALUES ('ESP13', 'Otorrinolaringología');
INSERT INTO ESPECIALIDAD (ESPEC_ID, NOMBRE) VALUES ('ESP14', 'Pediatría');
INSERT INTO ESPECIALIDAD (ESPEC_ID, NOMBRE) VALUES ('ESP15', 'Psiquiatría');
INSERT INTO ESPECIALIDAD (ESPEC_ID, NOMBRE) VALUES ('ESP16', 'Reumatología');
INSERT INTO ESPECIALIDAD (ESPEC_ID, NOMBRE) VALUES ('ESP17', 'Traumatología');
INSERT INTO ESPECIALIDAD (ESPEC_ID, NOMBRE) VALUES ('ESP18', 'Urología');
INSERT INTO ESPECIALIDAD (ESPEC_ID, NOMBRE) VALUES ('ESP19', 'Cirugía General');
INSERT INTO ESPECIALIDAD (ESPEC_ID, NOMBRE) VALUES ('ESP20', 'Cirugía Plástica');

-- Inserción de datos en la tabla PACIENTE
INSERT INTO PACIENTE (
    PACIENTE_ID, NOMBRE, APELLIDO_PAT, APELLIDO_MAT, SEXO, LADA, TELEFONO, EXTENSION, 
    FECHA_NACIMIENTO, USUARIO, ALCAL_MUN, COLONIA, CP, CALLE, EXT, INTER, CONTRASENIA, ESTADO_ID
) 
VALUES
('C1', 'Carmen', 'Ramírez', 'López', 'F', '01', '1234567805', '16', TO_DATE('1992-03-30', 'YYYY-MM-DD'), 'carmenr', 'Durango', 'Centro Histórico', '34000', ' 16 de Septiembre', 116, 'Inter16', 'password16', 'ES15');
INSERT INTO PACIENTE (
    PACIENTE_ID, NOMBRE, APELLIDO_PAT, APELLIDO_MAT, SEXO, LADA, TELEFONO, EXTENSION, 
    FECHA_NACIMIENTO, USUARIO, ALCAL_MUN, COLONIA, CP, CALLE, EXT, INTER, CONTRASENIA, ESTADO_ID
) 
VALUES
('C2', 'María', 'Lopez', 'Martínez', 'F', '01', '1234567891', '12', TO_DATE('1990-02-15', 'YYYY-MM-DD'), 'maria01', 'Guadalajara', 'Lindavista', '44100', ' Reforma', 2, 'Inter2', 'password2', 'ES01');
INSERT INTO PACIENTE (
    PACIENTE_ID, NOMBRE, APELLIDO_PAT, APELLIDO_MAT, SEXO, LADA, TELEFONO, EXTENSION, 
    FECHA_NACIMIENTO, USUARIO, ALCAL_MUN, COLONIA, CP, CALLE, EXT, INTER, CONTRASENIA, ESTADO_ID
) 
VALUES
('C3', 'Carlos', 'Sánchez', 'Hernández', 'M', '01', '1234567892', '13', TO_DATE('1982-07-20', 'YYYY-MM-DD'), 'carl01', 'Monterrey', 'Centro', '64000', 'Avenida Juárez', 3, 'Inter3', 'password3', 'ES03');

INSERT INTO PACIENTE (
    PACIENTE_ID, NOMBRE, APELLIDO_PAT, APELLIDO_MAT, SEXO, LADA, TELEFONO, EXTENSION, 
    FECHA_NACIMIENTO, USUARIO, ALCAL_MUN, COLONIA, CP, CALLE, EXT, INTER, CONTRASENIA, ESTADO_ID
) 
VALUES
('C4', 'Ana', 'Ramírez', 'Torres', 'F', '01', '1234567893', '34', TO_DATE('1995-11-30', 'YYYY-MM-DD'), 'ana04', 'Tijuana', 'Playas de Tijuana', '22000', 'Calle 5 de Febrero', 4, 'Inter4', 'password4', 'ES04');

INSERT INTO PACIENTE (
    PACIENTE_ID, NOMBRE, APELLIDO_PAT, APELLIDO_MAT, SEXO, LADA, TELEFONO, EXTENSION, 
    FECHA_NACIMIENTO, USUARIO, ALCAL_MUN, COLONIA, CP, CALLE, EXT, INTER, CONTRASENIA, ESTADO_ID
) 
VALUES
('C5', 'Luis', 'González', 'Paredes', 'M', '01', '1234567894', '15', TO_DATE('1988-03-25', 'YYYY-MM-DD'), 'luis01', 'Cancún', 'Aldea Zama', '77500', 'Calle Libertad', 5, 'Inter5', 'password5', 'ES06');

INSERT INTO PACIENTE (
    PACIENTE_ID, NOMBRE, APELLIDO_PAT, APELLIDO_MAT, SEXO, LADA, TELEFONO, EXTENSION, 
    FECHA_NACIMIENTO, USUARIO, ALCAL_MUN, COLONIA, CP, CALLE, EXT, INTER, CONTRASENIA, ESTADO_ID
) 
VALUES
('C6', 'Patricia', 'Álvarez', 'Vargas', 'F', '01', '1234567895', '16', TO_DATE('1992-08-14', 'YYYY-MM-DD'), 'patri01', 'Puebla', 'La Paz', '72000', 'Calle Oaxaca', 6, 'Inter6', 'password6', 'ES06');

INSERT INTO PACIENTE (
    PACIENTE_ID, NOMBRE, APELLIDO_PAT, APELLIDO_MAT, SEXO, LADA, TELEFONO, EXTENSION, 
    FECHA_NACIMIENTO, USUARIO, ALCAL_MUN, COLONIA, CP, CALLE, EXT, INTER, CONTRASENIA, ESTADO_ID
) 
VALUES
('C7', 'Ricardo', 'Mendoza', 'Ríos', 'M', '01', '1234567896', '47', TO_DATE('1980-12-05', 'YYYY-MM-DD'), 'ricar01', 'Veracruz', 'Centro Histórico', '91700', 'Avenida Morelos', 7, 'Inter7', 'password7', 'ES06');

INSERT INTO PACIENTE (
    PACIENTE_ID, NOMBRE, APELLIDO_PAT, APELLIDO_MAT, SEXO, LADA, TELEFONO, EXTENSION, 
    FECHA_NACIMIENTO, USUARIO, ALCAL_MUN, COLONIA, CP, CALLE, EXT, INTER, CONTRASENIA, ESTADO_ID
) 
VALUES
('C8', 'Elena', 'Gutiérrez', 'Díaz', 'F', '01', '1234567897', '47', TO_DATE('1991-09-17', 'YYYY-MM-DD'), 'elen01', 'León', 'El Roble', '37200', 'Calle Bolívar', 8, 'Inter8', 'password8', 'ES08');

INSERT INTO PACIENTE (
    PACIENTE_ID, NOMBRE, APELLIDO_PAT, APELLIDO_MAT, SEXO, LADA, TELEFONO, EXTENSION, 
    FECHA_NACIMIENTO, USUARIO, ALCAL_MUN, COLONIA, CP, CALLE, EXT, INTER, CONTRASENIA, ESTADO_ID
) 
VALUES
('C9', 'José', 'Martínez', 'Flores', 'M', '01', '1234567898', '47', TO_DATE('1986-04-30', 'YYYY-MM-DD'), 'jose01', 'Chihuahua', 'San Felipe', '31100', 'Calle del Carmen', 9, 'Inter9', 'password9', 'ES09');

INSERT INTO PACIENTE (
    PACIENTE_ID, NOMBRE, APELLIDO_PAT, APELLIDO_MAT, SEXO, LADA, TELEFONO, EXTENSION, 
    FECHA_NACIMIENTO, USUARIO, ALCAL_MUN, COLONIA, CP, CALLE, EXT, INTER, CONTRASENIA, ESTADO_ID
) 
VALUES
('C10', 'Isabel', 'Castro', 'Jiménez', 'F', '01', '1234567899', '10', TO_DATE('1993-06-22', 'YYYY-MM-DD'), 'isabe01', 'Toluca', 'Las Palomas', '50000', 'Calle Juárez', 10, 'Inter10', 'password10', 'ES10');
INSERT INTO PACIENTE (
    PACIENTE_ID, NOMBRE, APELLIDO_PAT, APELLIDO_MAT, SEXO, LADA, TELEFONO, EXTENSION, 
    FECHA_NACIMIENTO, USUARIO, ALCAL_MUN, COLONIA, CP, CALLE, EXT, INTER, CONTRASENIA, ESTADO_ID
) 
VALUES
('C11', 'Roberto', 'Serrano', 'Mendoza', 'M', '01', '1234567800', '11', TO_DATE('1984-01-10', 'YYYY-MM-DD'), 'rober01', 'Saltillo', 'Nueva Rosita', '25000', 'Av 16 de Septiembre', 11, 'Inter11', 'password11', 'ES11');
--VERIFICAR 
INSERT INTO PACIENTE (
    PACIENTE_ID, NOMBRE, APELLIDO_PAT, APELLIDO_MAT, SEXO, LADA, TELEFONO, EXTENSION, 
    FECHA_NACIMIENTO, USUARIO, ALCAL_MUN, COLONIA, CP, CALLE, EXT, INTER, CONTRASENIA, ESTADO_ID
) 
VALUES
('C12', 'Sofía', 'Fernández', 'Pérez', 'F', '01', '1234567801', '12', TO_DATE('1994-10-04', 'YYYY-MM-DD'), 'sofia01', 'Mérida', 'El Rosario', '97000', 'Las Palmas', 11, 'Inter12', 'password12', 'ES11');
INSERT INTO PACIENTE (
    PACIENTE_ID, NOMBRE, APELLIDO_PAT, APELLIDO_MAT, SEXO, LADA, TELEFONO, EXTENSION, 
    FECHA_NACIMIENTO, USUARIO, ALCAL_MUN, COLONIA, CP, CALLE, EXT, INTER, CONTRASENIA, ESTADO_ID
) 
VALUES
('C14', 'Laura', 'Moreno', 'Vega', 'F', '01', '1234567803', '14', TO_DATE('1996-01-28', 'YYYY-MM-DD'), 'laura01', 'Oaxaca', 'Zimatan', '68000', 'Hidalgo', 14, 'Inter14', 'password14', 'ES14');

INSERT INTO PACIENTE (
    PACIENTE_ID, NOMBRE, APELLIDO_PAT, APELLIDO_MAT, SEXO, LADA, TELEFONO, EXTENSION, 
    FECHA_NACIMIENTO, USUARIO, ALCAL_MUN, COLONIA, CP, CALLE, EXT, INTER, CONTRASENIA, ESTADO_ID
) 
VALUES
('C15', 'Fernando', 'Jiménez', 'González', 'M', '01', '1234567804', '15', TO_DATE('1987-02-12', 'YYYY-MM-DD'), 'fern01', 'Chihuahua', 'Las Ánimas', '31150', 'Av Constitución', 15, 'Inter15', 'password15', 'ES15');
INSERT INTO PACIENTE (
    PACIENTE_ID, NOMBRE, APELLIDO_PAT, APELLIDO_MAT, SEXO, LADA, TELEFONO, EXTENSION, 
    FECHA_NACIMIENTO, USUARIO, ALCAL_MUN, COLONIA, CP, CALLE, EXT, INTER, CONTRASENIA, ESTADO_ID
) 
VALUES
('C16', 'Carmen', 'Ramírez', 'López', 'F', '01', '1234567805', '16', TO_DATE('1992-03-30', 'YYYY-MM-DD'), 'carme01', 'Durango', 'Centro Histórico', '34000', '16 de Septiembre', 16, 'Inter16', 'password16', 'ES15');

INSERT INTO PACIENTE (
    PACIENTE_ID, NOMBRE, APELLIDO_PAT, APELLIDO_MAT, SEXO, LADA, TELEFONO, EXTENSION, 
    FECHA_NACIMIENTO, USUARIO, ALCAL_MUN, COLONIA, CP, CALLE, EXT, INTER, CONTRASENIA, ESTADO_ID
) 
VALUES
('C17', 'Antonio', 'Jiménez', 'Silva', 'M', '01', '1234567806', '17', TO_DATE('1989-05-22', 'YYYY-MM-DD'), 'anton01', 'Culiacán', 'Lomas del Sol', '80000', 'Av de las Américas', 17, 'Inter17', 'password17', 'ES15');
INSERT INTO PACIENTE (
    PACIENTE_ID, NOMBRE, APELLIDO_PAT, APELLIDO_MAT, SEXO, LADA, TELEFONO, EXTENSION, 
    FECHA_NACIMIENTO, USUARIO, ALCAL_MUN, COLONIA, CP, CALLE, EXT, INTER, CONTRASENIA, ESTADO_ID
) 
VALUES
('C19', 'Pedro', 'Reyes', 'García', 'M', '01', '1234567808', '19', TO_DATE('1984-12-10', 'YYYY-MM-DD'), 'pedro01', 'Tuxpan', 'Centro', '92800', 'Av López Mateos', 19, 'Inter19', 'password19', 'ES19');
INSERT INTO PACIENTE (
    PACIENTE_ID, NOMBRE, APELLIDO_PAT, APELLIDO_MAT, SEXO, LADA, TELEFONO, EXTENSION, 
    FECHA_NACIMIENTO, USUARIO, ALCAL_MUN, COLONIA, CP, CALLE, EXT, INTER, CONTRASENIA, ESTADO_ID
) 
VALUES
('C13', 'Eduardo', 'Vázquez', 'Ramírez', 'M', '01', '1234567802', '13', TO_DATE('1983-11-18', 'YYYY-MM-DD'), 'eduard1', 'Querétaro', 'El Marqués', '76000', 'Av Benito Juárez', 13, 'Inter13', 'password13', 'ES15');
INSERT INTO PACIENTE (
    PACIENTE_ID, NOMBRE, APELLIDO_PAT, APELLIDO_MAT, SEXO, LADA, TELEFONO, EXTENSION, 
    FECHA_NACIMIENTO, USUARIO, ALCAL_MUN, COLONIA, CP, CALLE, EXT, INTER, CONTRASENIA, ESTADO_ID
) 
VALUES
('C18', 'Margarita', 'Cervantes', 'Ríos', 'F', '01', '1234567807', '18', TO_DATE('1980-09-25', 'YYYY-MM-DD'), 'margar1', 'Culiacán', 'Real de Culiacán', '80010', 'Valle', 18, 'Inter18', 'password18', 'ES15');

INSERT INTO PACIENTE (
    PACIENTE_ID, NOMBRE, APELLIDO_PAT, APELLIDO_MAT, SEXO, LADA, TELEFONO, EXTENSION, 
    FECHA_NACIMIENTO, USUARIO, ALCAL_MUN, COLONIA, CP, CALLE, EXT, INTER, CONTRASENIA, ESTADO_ID
) 
VALUES
('C20', 'Guadalupe', 'Torres', 'Luna', 'F', '01', '1234567809', '20', TO_DATE('1990-08-19', 'YYYY-MM-DD'), 'guadal2', 'Mazatlán', 'Sábalo Country', '82100', 'Morelos', 20, 'Inter20', 'password20', 'ES19');

--Inserccion de datos en la tabla EMPLEADO
INSERT INTO EMPLEADO (
    EMPLEADO_ID,NOMBRE,APELLIDO_PAT,APELLIDO_MAT,FECHA_INGRESO,FECHA_NACIMIENTO,USUARIO,CONTRASENIA,PACIENTE_ID,PUESTO_ID
) 
VALUES
('D1', 'Carlos', 'Madrid', 'Estrada', TO_DATE('2020-07-10', 'YYYY-MM-DD'), TO_DATE('1990-08-19', 'YYYY-MM-DD'), 'carm12', 'password12','C1' ,'P03');
INSERT INTO EMPLEADO (
    EMPLEADO_ID, NOMBRE, APELLIDO_PAT, APELLIDO_MAT, FECHA_INGRESO, FECHA_NACIMIENTO, USUARIO, CONTRASENIA, PACIENTE_ID, PUESTO_ID
) 
VALUES
('D2', 'Luis', 'González', 'Rodríguez', TO_DATE('2021-01-15', 'YYYY-MM-DD'), TO_DATE('1985-02-22', 'YYYY-MM-DD'), 'luisg85', 'password13', 'C2', 'P03');
INSERT INTO EMPLEADO (
    EMPLEADO_ID, NOMBRE, APELLIDO_PAT, APELLIDO_MAT, FECHA_INGRESO, FECHA_NACIMIENTO, USUARIO, CONTRASENIA, PACIENTE_ID, PUESTO_ID
) 
VALUES
('D4', 'José', 'Martínez', 'Flores', TO_DATE('2018-05-23', 'YYYY-MM-DD'), TO_DATE('1986-06-15', 'YYYY-MM-DD'), 'josem86', 'password15', 'C4', 'P03');
INSERT INTO EMPLEADO (
    EMPLEADO_ID, NOMBRE, APELLIDO_PAT, APELLIDO_MAT, FECHA_INGRESO, FECHA_NACIMIENTO, USUARIO, CONTRASENIA, PACIENTE_ID, PUESTO_ID
) 
VALUES
('D6', 'Patricia', 'Álvarez', 'Vargas', TO_DATE('2022-02-12', 'YYYY-MM-DD'), TO_DATE('1990-04-25', 'YYYY-MM-DD'), 'paty90', 'password17', 'C6', 'P02');

INSERT INTO EMPLEADO (
    EMPLEADO_ID, NOMBRE, APELLIDO_PAT, APELLIDO_MAT, FECHA_INGRESO, FECHA_NACIMIENTO, USUARIO, CONTRASENIA, PACIENTE_ID, PUESTO_ID
) 
VALUES
('D7', 'José', 'Pérez', 'González', TO_DATE('2021-06-15', 'YYYY-MM-DD'), TO_DATE('1994-01-10', 'YYYY-MM-DD'), 'josep94', 'password18', 'C7', 'P03');
INSERT INTO EMPLEADO (
    EMPLEADO_ID, NOMBRE, APELLIDO_PAT, APELLIDO_MAT, FECHA_INGRESO, FECHA_NACIMIENTO, USUARIO, CONTRASENIA, PACIENTE_ID, PUESTO_ID
) 
VALUES
('D11', 'José', 'Hernández', 'Sánchez', TO_DATE('2019-03-14', 'YYYY-MM-DD'), TO_DATE('1984-07-09', 'YYYY-MM-DD'), 'joseh84', 'password22', 'C11', 'P03');

INSERT INTO EMPLEADO (
    EMPLEADO_ID, NOMBRE, APELLIDO_PAT, APELLIDO_MAT, FECHA_INGRESO, FECHA_NACIMIENTO, USUARIO, CONTRASENIA, PACIENTE_ID, PUESTO_ID
) 
VALUES
('D12', 'Sofía', 'Fernández', 'Pérez', TO_DATE('2021-07-20', 'YYYY-MM-DD'), TO_DATE('1994-10-04', 'YYYY-MM-DD'), 'sofia01', 'password23', 'C12', 'P03');
INSERT INTO EMPLEADO (
    EMPLEADO_ID, NOMBRE, APELLIDO_PAT, APELLIDO_MAT, FECHA_INGRESO, FECHA_NACIMIENTO, USUARIO, CONTRASENIA, PACIENTE_ID, PUESTO_ID
) 
VALUES
('D3', 'Ana', 'Ramírez', 'Torres', TO_DATE('2019-09-20', 'YYYY-MM-DD'), TO_DATE('1993-03-18', 'YYYY-MM-DD'), 'anar93', 'password14', 'C3', 'P03');
INSERT INTO EMPLEADO (
    EMPLEADO_ID, NOMBRE, APELLIDO_PAT, APELLIDO_MAT, FECHA_INGRESO, FECHA_NACIMIENTO, USUARIO, CONTRASENIA, PACIENTE_ID, PUESTO_ID
) 
VALUES
('D5', 'Ricardo', 'Mendoza', 'Ríos', TO_DATE('2020-11-05', 'YYYY-MM-DD'), TO_DATE('1982-10-10', 'YYYY-MM-DD'), 'ricar82', 'password16', 'C5', 'P02');
INSERT INTO EMPLEADO (
    EMPLEADO_ID, NOMBRE, APELLIDO_PAT, APELLIDO_MAT, FECHA_INGRESO, FECHA_NACIMIENTO, USUARIO, CONTRASENIA, PACIENTE_ID, PUESTO_ID
) 
VALUES
('D8', 'Carlos', 'López', 'Fernández', TO_DATE('2019-12-01', 'YYYY-MM-DD'), TO_DATE('1987-09-29', 'YYYY-MM-DD'), 'carll87', 'password19', 'C8', 'P02');

INSERT INTO EMPLEADO (
    EMPLEADO_ID, NOMBRE, APELLIDO_PAT, APELLIDO_MAT, FECHA_INGRESO, FECHA_NACIMIENTO, USUARIO, CONTRASENIA, PACIENTE_ID, PUESTO_ID
) 
VALUES
('D9', 'Elena', 'Gutiérrez', 'Díaz', TO_DATE('2020-08-10', 'YYYY-MM-DD'), TO_DATE('1992-03-05', 'YYYY-MM-DD'), 'ele92', 'password20', 'C9', 'P01');

INSERT INTO EMPLEADO (
    EMPLEADO_ID, NOMBRE, APELLIDO_PAT, APELLIDO_MAT, FECHA_INGRESO, FECHA_NACIMIENTO, USUARIO, CONTRASENIA, PACIENTE_ID, PUESTO_ID
) 
VALUES
('D10', 'Margarita', 'Cervantes', 'Ríos', TO_DATE('2021-01-25', 'YYYY-MM-DD'), TO_DATE('1989-11-22', 'YYYY-MM-DD'), 'marg89', 'password21', 'C10', 'P02');

INSERT INTO EMPLEADO (
    EMPLEADO_ID, NOMBRE, APELLIDO_PAT, APELLIDO_MAT, FECHA_INGRESO, FECHA_NACIMIENTO, USUARIO, CONTRASENIA, PACIENTE_ID, PUESTO_ID
) 
VALUES
('D13', 'Roberto', 'Serrano', 'Mendoza', TO_DATE('2020-06-18', 'YYYY-MM-DD'), TO_DATE('1985-04-17', 'YYYY-MM-DD'), 'robe5', 'password24', 'C13', 'P03');

INSERT INTO EMPLEADO (
    EMPLEADO_ID, NOMBRE, APELLIDO_PAT, APELLIDO_MAT, FECHA_INGRESO, FECHA_NACIMIENTO, USUARIO, CONTRASENIA, PACIENTE_ID, PUESTO_ID
) 
VALUES
('D14', 'Guadalupe', 'Torres', 'Luna', TO_DATE('2019-10-08', 'YYYY-MM-DD'), TO_DATE('1990-05-11', 'YYYY-MM-DD'), 'upe90', 'password25', 'C14', 'P03');

INSERT INTO EMPLEADO (
    EMPLEADO_ID, NOMBRE, APELLIDO_PAT, APELLIDO_MAT, FECHA_INGRESO, FECHA_NACIMIENTO, USUARIO, CONTRASENIA, PACIENTE_ID, PUESTO_ID
) 
VALUES
('D15', 'Antonio', 'Jiménez', 'Silva', TO_DATE('2020-02-05', 'YYYY-MM-DD'), TO_DATE('1988-01-12', 'YYYY-MM-DD'), 'an2388', 'password26', 'C15', 'P01');

INSERT INTO EMPLEADO (
    EMPLEADO_ID, NOMBRE, APELLIDO_PAT, APELLIDO_MAT, FECHA_INGRESO, FECHA_NACIMIENTO, USUARIO, CONTRASENIA, PACIENTE_ID, PUESTO_ID
) 
VALUES
('D16', 'Fernando', 'Jiménez', 'González', TO_DATE('2021-09-12', 'YYYY-MM-DD'), TO_DATE('1992-07-29', 'YYYY-MM-DD'), 'fern92', 'password27', 'C16', 'P03');
--Inserccion de datos en tabla MEDICO
INSERT INTO MEDICO(
    MEDICO_ID, NOMBRE, APELLIDO_PAT, APELLIDO_MAT,HORARIO, USUARIO, CONTRASENIA,ESPEC_ID
) 
VALUES
('M1', 'Fernando', 'Jiménez', 'González',TO_TIMESTAMP('2024-11-14 09:00:00', 'YYYY-MM-DD HH24:MI:SS'), 'fern92', 'password27','ESP05');
-- Inserción 2
INSERT INTO MEDICO(
    MEDICO_ID, NOMBRE, APELLIDO_PAT, APELLIDO_MAT, HORARIO, USUARIO, CONTRASENIA, ESPEC_ID
) 
VALUES
('M2', 'Ana', 'Rodríguez', 'Martínez', TO_TIMESTAMP('2024-11-14 10:00:00', 'YYYY-MM-DD HH24:MI:SS'), 'ana92', 'password28', 'ESP01');

-- Inserción 3
INSERT INTO MEDICO(
    MEDICO_ID, NOMBRE, APELLIDO_PAT, APELLIDO_MAT, HORARIO, USUARIO, CONTRASENIA, ESPEC_ID
) 
VALUES
('M3', 'Carlos', 'López', 'Pérez', TO_TIMESTAMP('2024-11-14 11:00:00', 'YYYY-MM-DD HH24:MI:SS'), 'carloP', 'password29', 'ESP04');

-- Inserción 4
INSERT INTO MEDICO(
    MEDICO_ID, NOMBRE, APELLIDO_PAT, APELLIDO_MAT, HORARIO, USUARIO, CONTRASENIA, ESPEC_ID
) 
VALUES
('M4', 'Luisa', 'González', 'Torres', TO_TIMESTAMP('2024-11-14 12:00:00', 'YYYY-MM-DD HH24:MI:SS'), 'luisG', 'password30', 'ESP04');

-- Inserción 5
INSERT INTO MEDICO(
    MEDICO_ID, NOMBRE, APELLIDO_PAT, APELLIDO_MAT, HORARIO, USUARIO, CONTRASENIA, ESPEC_ID
) 
VALUES
('M5', 'Eduardo', 'Hernández', 'Vásquez', TO_TIMESTAMP('2024-11-14 13:00:00', 'YYYY-MM-DD HH24:MI:SS'), 'edu95', 'password31', 'ESP04');

-- Inserción 6
INSERT INTO MEDICO(
    MEDICO_ID, NOMBRE, APELLIDO_PAT, APELLIDO_MAT, HORARIO, USUARIO, CONTRASENIA, ESPEC_ID
) 
VALUES
('M6', 'Patricia', 'Sánchez', 'Ramírez', TO_TIMESTAMP('2024-11-14 14:00:00', 'YYYY-MM-DD HH24:MI:SS'), 'patriS', 'password32', 'ESP06');

-- Inserción 7
INSERT INTO MEDICO(
    MEDICO_ID, NOMBRE, APELLIDO_PAT, APELLIDO_MAT, HORARIO, USUARIO, CONTRASENIA, ESPEC_ID
) 
VALUES
('M7', 'Roberto', 'García', 'Méndez', TO_TIMESTAMP('2024-11-14 15:00:00', 'YYYY-MM-DD HH24:MI:SS'), 'roberG', 'password33', 'ESP07');

-- Inserción 8
INSERT INTO MEDICO(
    MEDICO_ID, NOMBRE, APELLIDO_PAT, APELLIDO_MAT, HORARIO, USUARIO, CONTRASENIA, ESPEC_ID
) 
VALUES
('M8', 'José', 'Martínez', 'Torres', TO_TIMESTAMP('2024-11-14 16:00:00', 'YYYY-MM-DD HH24:MI:SS'), 'joseM', 'password34', 'ESP01');

-- Inserción 9
INSERT INTO MEDICO(
    MEDICO_ID, NOMBRE, APELLIDO_PAT, APELLIDO_MAT, HORARIO, USUARIO, CONTRASENIA, ESPEC_ID
) 
VALUES
('M9', 'Raquel', 'Vázquez', 'López', TO_TIMESTAMP('2024-11-14 17:00:00', 'YYYY-MM-DD HH24:MI:SS'), 'raqueL', 'password35', 'ESP09');

-- Inserción 10
INSERT INTO MEDICO(
    MEDICO_ID, NOMBRE, APELLIDO_PAT, APELLIDO_MAT, HORARIO, USUARIO, CONTRASENIA, ESPEC_ID
) 
VALUES
('M10', 'Andrés', 'Pérez', 'Molina', TO_TIMESTAMP('2024-11-14 18:00:00', 'YYYY-MM-DD HH24:MI:SS'), 'andresP', 'password36', 'ESP10');

-- Inserción 11
INSERT INTO MEDICO(
    MEDICO_ID, NOMBRE, APELLIDO_PAT, APELLIDO_MAT, HORARIO, USUARIO, CONTRASENIA, ESPEC_ID
) 
VALUES
('M11', 'Sofía', 'Moreno', 'Jiménez', TO_TIMESTAMP('2024-11-14 19:00:00', 'YYYY-MM-DD HH24:MI:SS'), 'sofiaM', 'password37', 'ESP11');

-- Inserción 12
INSERT INTO MEDICO(
    MEDICO_ID, NOMBRE, APELLIDO_PAT, APELLIDO_MAT, HORARIO, USUARIO, CONTRASENIA, ESPEC_ID
) 
VALUES
('M12', 'Javier', 'Ramírez', 'González', TO_TIMESTAMP('2024-11-14 20:00:00', 'YYYY-MM-DD HH24:MI:SS'), 'javieR', 'password38', 'ESP12');


-- Inserción 14
INSERT INTO MEDICO(
    MEDICO_ID, NOMBRE, APELLIDO_PAT, APELLIDO_MAT, HORARIO, USUARIO, CONTRASENIA, ESPEC_ID
) 
VALUES
('M14', 'José', 'Torres', 'Serrano', TO_TIMESTAMP('2024-11-14 22:00:00', 'YYYY-MM-DD HH24:MI:SS'), 'joseT', 'password40', 'ESP15');

-- Inserción 15
INSERT INTO MEDICO(
    MEDICO_ID, NOMBRE, APELLIDO_PAT, APELLIDO_MAT, HORARIO, USUARIO, CONTRASENIA, ESPEC_ID
) 
VALUES
('M15', 'Victoria', 'Cano', 'Castro', TO_TIMESTAMP('2024-11-14 23:00:00', 'YYYY-MM-DD HH24:MI:SS'), 'victorC', 'password41', 'ESP15');

-- Inserción 13
INSERT INTO MEDICO(
    MEDICO_ID, NOMBRE, APELLIDO_PAT, APELLIDO_MAT, HORARIO, USUARIO, CONTRASENIA, ESPEC_ID
) 
VALUES
('M13', 'Daniela', 'Reyes', 'Fernández', TO_TIMESTAMP('2024-11-14 21:00:00', 'YYYY-MM-DD HH24:MI:SS'), 'danieR', 'password39', 'ESP20');
-- Inserción 16
INSERT INTO MEDICO(
    MEDICO_ID, NOMBRE, APELLIDO_PAT, APELLIDO_MAT, HORARIO, USUARIO, CONTRASENIA, ESPEC_ID
) 
VALUES
('M16', 'Ricardo', 'Flores', 'Martínez', TO_TIMESTAMP('2024-11-15 09:00:00', 'YYYY-MM-DD HH24:MI:SS'), 'ricarF', 'password42', 'ESP19');

-- Inserción 17
INSERT INTO MEDICO(
    MEDICO_ID, NOMBRE, APELLIDO_PAT, APELLIDO_MAT, HORARIO, USUARIO, CONTRASENIA, ESPEC_ID
) 
VALUES
('M17', 'Verónica', 'Vega', 'Salazar', TO_TIMESTAMP('2024-11-15 10:00:00', 'YYYY-MM-DD HH24:MI:SS'), 'veronV', 'password43', 'ESP19');

-- Inserción 18
INSERT INTO MEDICO(
    MEDICO_ID, NOMBRE, APELLIDO_PAT, APELLIDO_MAT, HORARIO, USUARIO, CONTRASENIA, ESPEC_ID
) 
VALUES
('M18', 'Eduardo', 'Córdoba', 'González', TO_TIMESTAMP('2024-11-15 11:00:00', 'YYYY-MM-DD HH24:MI:SS'), 'eduC98', 'password44', 'ESP19');

-- Inserción 19
INSERT INTO MEDICO(
    MEDICO_ID, NOMBRE, APELLIDO_PAT, APELLIDO_MAT, HORARIO, USUARIO, CONTRASENIA, ESPEC_ID
) 
VALUES
('M19', 'Santiago', 'López', 'Ruiz', TO_TIMESTAMP('2024-11-15 12:00:00', 'YYYY-MM-DD HH24:MI:SS'), 'santiL', 'password45', 'ESP19');

-- Inserción 20
INSERT INTO MEDICO(
    MEDICO_ID, NOMBRE, APELLIDO_PAT, APELLIDO_MAT, HORARIO, USUARIO, CONTRASENIA, ESPEC_ID
) 
VALUES
('M20', 'Claudia', 'Díaz', 'Ramírez', TO_TIMESTAMP('2024-11-15 13:00:00', 'YYYY-MM-DD HH24:MI:SS'), 'claudiD', 'password46', 'ESP19');


--Inserccion de datos tabla MEDICAMENTO
INSERT INTO MEDICAMENTO(
    MEDICAMENTO_ID,NOMBRE
) 
VALUES
('ME01','Tylenol');
-- Inserción 2
INSERT INTO MEDICAMENTO(
    MEDICAMENTO_ID, NOMBRE
) 
VALUES
('ME02', 'Advil');

-- Inserción 3
INSERT INTO MEDICAMENTO(
    MEDICAMENTO_ID, NOMBRE
) 
VALUES
('ME03', 'Aspirin');

-- Inserción 4
INSERT INTO MEDICAMENTO(
    MEDICAMENTO_ID, NOMBRE
) 
VALUES
('ME04', 'Amoxicilina');

-- Inserción 5
INSERT INTO MEDICAMENTO(
    MEDICAMENTO_ID, NOMBRE
) 
VALUES
('ME05', 'Rivotril');

-- Inserción 6
INSERT INTO MEDICAMENTO(
    MEDICAMENTO_ID, NOMBRE
) 
VALUES
('ME06', 'Glucophage');

-- Inserción 7
INSERT INTO MEDICAMENTO(
    MEDICAMENTO_ID, NOMBRE
) 
VALUES
('ME07', 'Nexium');

-- Inserción 8
INSERT INTO MEDICAMENTO(
    MEDICAMENTO_ID, NOMBRE
) 
VALUES
('ME08', 'Claritin');

-- Inserción 9
INSERT INTO MEDICAMENTO(
    MEDICAMENTO_ID, NOMBRE
) 
VALUES
('ME09', 'Cipro');

-- Inserción 10
INSERT INTO MEDICAMENTO(
    MEDICAMENTO_ID, NOMBRE
) 
VALUES
('ME10', 'Cozaar');

-- Inserción 11
INSERT INTO MEDICAMENTO(
    MEDICAMENTO_ID, NOMBRE
) 
VALUES
('ME11', 'Valium');

-- Inserción 12
INSERT INTO MEDICAMENTO(
    MEDICAMENTO_ID, NOMBRE
) 
VALUES
('ME12', 'Lasix');

-- Inserción 13
INSERT INTO MEDICAMENTO(
    MEDICAMENTO_ID, NOMBRE
) 
VALUES
('ME13', 'Vibramycin');

-- Inserción 14
INSERT INTO MEDICAMENTO(
    MEDICAMENTO_ID, NOMBRE
) 
VALUES
('ME14', 'Vasotec');

-- Inserción 15
INSERT INTO MEDICAMENTO(
    MEDICAMENTO_ID, NOMBRE
) 
VALUES
('ME15', 'Zoloft');

-- Inserción 16
INSERT INTO MEDICAMENTO(
    MEDICAMENTO_ID, NOMBRE
) 
VALUES
('ME16', 'Prednisone');

-- Inserción 17
INSERT INTO MEDICAMENTO(
    MEDICAMENTO_ID, NOMBRE
) 
VALUES
('ME17', 'Capoten');

-- Inserción 18
INSERT INTO MEDICAMENTO(
    MEDICAMENTO_ID, NOMBRE
) 
VALUES
('ME18', 'Zocor');

-- Inserción 19
INSERT INTO MEDICAMENTO(
    MEDICAMENTO_ID, NOMBRE
) 
VALUES
('ME19', 'Euthyrox');

-- Inserción 20
INSERT INTO MEDICAMENTO(
    MEDICAMENTO_ID, NOMBRE
) 
VALUES
('ME20', 'Zantac');

--Inserccion tabla MED_COMP
INSERT INTO MED_COMP(
    MED_ID,MEDICAMENTO_ID
) 
VALUES
('MD01','ME01');

INSERT INTO MED_COMP(
    MED_ID,MEDICAMENTO_ID
) 
VALUES
('MD02','ME02');

INSERT INTO MED_COMP(
    MED_ID,MEDICAMENTO_ID
) 
VALUES
('MD03','ME03');

INSERT INTO MED_COMP(
    MED_ID,MEDICAMENTO_ID
) 
VALUES
('MD04','ME04');

INSERT INTO MED_COMP(
    MED_ID,MEDICAMENTO_ID
) 
VALUES
('MD05','ME05');

INSERT INTO MED_COMP(
    MED_ID,MEDICAMENTO_ID
) 
VALUES
('MD06','ME06');

INSERT INTO MED_COMP(
    MED_ID,MEDICAMENTO_ID
) 
VALUES
('MD07','ME07');

INSERT INTO MED_COMP(
    MED_ID,MEDICAMENTO_ID
) 
VALUES
('MD08','ME08');

INSERT INTO MED_COMP(
    MED_ID,MEDICAMENTO_ID
) 
VALUES
('MD09','ME09');

INSERT INTO MED_COMP(
    MED_ID,MEDICAMENTO_ID
) 
VALUES
('MD10','ME10');

INSERT INTO MED_COMP(
    MED_ID,MEDICAMENTO_ID
) 
VALUES
('MD11','ME11');

INSERT INTO MED_COMP(
    MED_ID,MEDICAMENTO_ID
) 
VALUES
('MD12','ME12');

INSERT INTO MED_COMP(
    MED_ID,MEDICAMENTO_ID
) 
VALUES
('MD13','ME13');

INSERT INTO MED_COMP(
    MED_ID,MEDICAMENTO_ID
) 
VALUES
('MD14','ME14');

INSERT INTO MED_COMP(
    MED_ID,MEDICAMENTO_ID
) 
VALUES
('MD15','ME15');

INSERT INTO MED_COMP(
    MED_ID,MEDICAMENTO_ID
) 
VALUES
('MD16','ME16');

INSERT INTO MED_COMP(
    MED_ID,MEDICAMENTO_ID
) 
VALUES
('MD17','ME17');

INSERT INTO MED_COMP(
    MED_ID,MEDICAMENTO_ID
) 
VALUES
('MD18','ME18');

INSERT INTO MED_COMP(
    MED_ID,MEDICAMENTO_ID
) 
VALUES
('MD19','ME19');

INSERT INTO MED_COMP(
    MED_ID,MEDICAMENTO_ID
) 
VALUES
('MD20','ME20');

--Inserccion de tabla CITAS

INSERT INTO CITAS(
    CITAS_ID,FECHA_HORA_CITA,ESTADO_CITA, NUM_CONSULTORIO, PACIENTE_ID, MEDICO_ID
) 
VALUES
('CT01',TO_TIMESTAMP('2024-11-14 15:00:00', 'YYYY-MM-DD HH24:MI:SS'),'A','201','C1','M3');
-- Inserción 1
INSERT INTO CITAS(
    CITAS_ID, FECHA_HORA_CITA, ESTADO_CITA, NUM_CONSULTORIO, PACIENTE_ID, MEDICO_ID
) 
VALUES
('CT02', TO_TIMESTAMP('2024-11-15 10:30:00', 'YYYY-MM-DD HH24:MI:SS'), 'A', '101', 'C2', 'M2');

-- Inserción 2
INSERT INTO CITAS(
    CITAS_ID, FECHA_HORA_CITA, ESTADO_CITA, NUM_CONSULTORIO, PACIENTE_ID, MEDICO_ID
) 
VALUES
('CT03', TO_TIMESTAMP('2024-11-16 11:00:00', 'YYYY-MM-DD HH24:MI:SS'), 'C', '102', 'C3', 'M3');

-- Inserción 3
INSERT INTO CITAS(
    CITAS_ID, FECHA_HORA_CITA, ESTADO_CITA, NUM_CONSULTORIO, PACIENTE_ID, MEDICO_ID
) 
VALUES
('CT04', TO_TIMESTAMP('2024-11-17 09:30:00', 'YYYY-MM-DD HH24:MI:SS'), 'A', '103', 'C4', 'M4');

-- Inserción 4
INSERT INTO CITAS(
    CITAS_ID, FECHA_HORA_CITA, ESTADO_CITA, NUM_CONSULTORIO, PACIENTE_ID, MEDICO_ID
) 
VALUES
('CT05', TO_TIMESTAMP('2024-11-18 12:00:00', 'YYYY-MM-DD HH24:MI:SS'), 'C', '104', 'C5', 'M5');

-- Inserción 5
INSERT INTO CITAS(
    CITAS_ID, FECHA_HORA_CITA, ESTADO_CITA, NUM_CONSULTORIO, PACIENTE_ID, MEDICO_ID
) 
VALUES
('CT06', TO_TIMESTAMP('2024-11-19 14:00:00', 'YYYY-MM-DD HH24:MI:SS'), 'A', '105', 'C6', 'M6');

-- Inserción 6
INSERT INTO CITAS(
    CITAS_ID, FECHA_HORA_CITA, ESTADO_CITA, NUM_CONSULTORIO, PACIENTE_ID, MEDICO_ID
) 
VALUES
('CT07', TO_TIMESTAMP('2024-11-20 13:00:00', 'YYYY-MM-DD HH24:MI:SS'), 'C', '106', 'C1', 'M7');

-- Inserción 7
INSERT INTO CITAS(
    CITAS_ID, FECHA_HORA_CITA, ESTADO_CITA, NUM_CONSULTORIO, PACIENTE_ID, MEDICO_ID
) 
VALUES
('CT08', TO_TIMESTAMP('2024-11-21 09:00:00', 'YYYY-MM-DD HH24:MI:SS'), 'A', '107', 'C7', 'M8');

-- Inserción 8
INSERT INTO CITAS(
    CITAS_ID, FECHA_HORA_CITA, ESTADO_CITA, NUM_CONSULTORIO, PACIENTE_ID, MEDICO_ID
) 
VALUES
('CT09', TO_TIMESTAMP('2024-11-22 15:30:00', 'YYYY-MM-DD HH24:MI:SS'), 'A', '108', 'C2', 'M9');

-- Inserción 9
INSERT INTO CITAS(
    CITAS_ID, FECHA_HORA_CITA, ESTADO_CITA, NUM_CONSULTORIO, PACIENTE_ID, MEDICO_ID
) 
VALUES
('CT10', TO_TIMESTAMP('2024-11-23 11:30:00', 'YYYY-MM-DD HH24:MI:SS'), 'A', '109', 'C3', 'M10');

-- Inserción 10
INSERT INTO CITAS(
    CITAS_ID, FECHA_HORA_CITA, ESTADO_CITA, NUM_CONSULTORIO, PACIENTE_ID, MEDICO_ID
) 
VALUES
('CT11', TO_TIMESTAMP('2024-11-24 08:30:00', 'YYYY-MM-DD HH24:MI:SS'), 'C', '110', 'C8', 'M1');

-- Inserción 11
INSERT INTO CITAS(
    CITAS_ID, FECHA_HORA_CITA, ESTADO_CITA, NUM_CONSULTORIO, PACIENTE_ID, MEDICO_ID
) 
VALUES
('CT12', TO_TIMESTAMP('2024-11-25 13:45:00', 'YYYY-MM-DD HH24:MI:SS'), 'A', '201', 'C5', 'M11');

-- Inserción 12
INSERT INTO CITAS(
    CITAS_ID, FECHA_HORA_CITA, ESTADO_CITA, NUM_CONSULTORIO, PACIENTE_ID, MEDICO_ID
) 
VALUES
('CT13', TO_TIMESTAMP('2024-11-26 16:30:00', 'YYYY-MM-DD HH24:MI:SS'), 'C', '202', 'C9', 'M12');

-- Inserción 13
INSERT INTO CITAS(
    CITAS_ID, FECHA_HORA_CITA, ESTADO_CITA, NUM_CONSULTORIO, PACIENTE_ID, MEDICO_ID
) 
VALUES
('CT14', TO_TIMESTAMP('2024-11-27 10:15:00', 'YYYY-MM-DD HH24:MI:SS'), 'A', '203', 'C6', 'M13');

-- Inserción 14
INSERT INTO CITAS(
    CITAS_ID, FECHA_HORA_CITA, ESTADO_CITA, NUM_CONSULTORIO, PACIENTE_ID, MEDICO_ID
) 
VALUES
('CT15', TO_TIMESTAMP('2024-11-28 09:45:00', 'YYYY-MM-DD HH24:MI:SS'), 'A', '204', 'C10', 'M2');

-- Inserción 15
INSERT INTO CITAS(
    CITAS_ID, FECHA_HORA_CITA, ESTADO_CITA, NUM_CONSULTORIO, PACIENTE_ID, MEDICO_ID
) 
VALUES
('CT16', TO_TIMESTAMP('2024-11-29 14:15:00', 'YYYY-MM-DD HH24:MI:SS'), 'C', '205', 'C1', 'M14');

-- Inserción 16
INSERT INTO CITAS(
    CITAS_ID, FECHA_HORA_CITA, ESTADO_CITA, NUM_CONSULTORIO, PACIENTE_ID, MEDICO_ID
) 
VALUES
('CT17', TO_TIMESTAMP('2024-11-30 11:00:00', 'YYYY-MM-DD HH24:MI:SS'), 'A', '206', 'C11', 'M15');

-- Inserción 17
INSERT INTO CITAS(
    CITAS_ID, FECHA_HORA_CITA, ESTADO_CITA, NUM_CONSULTORIO, PACIENTE_ID, MEDICO_ID
) 
VALUES
('CT18', TO_TIMESTAMP('2024-12-01 13:30:00', 'YYYY-MM-DD HH24:MI:SS'), 'C', '207', 'C2', 'M16');

-- Inserción 18
INSERT INTO CITAS(
    CITAS_ID, FECHA_HORA_CITA, ESTADO_CITA, NUM_CONSULTORIO, PACIENTE_ID, MEDICO_ID
) 
VALUES
('CT19', TO_TIMESTAMP('2024-12-02 16:00:00', 'YYYY-MM-DD HH24:MI:SS'), 'A', '208', 'C12', 'M17');

-- Inserción 19
INSERT INTO CITAS(
    CITAS_ID, FECHA_HORA_CITA, ESTADO_CITA, NUM_CONSULTORIO, PACIENTE_ID, MEDICO_ID
) 
VALUES
('CT20', TO_TIMESTAMP('2024-12-03 10:45:00', 'YYYY-MM-DD HH24:MI:SS'), 'C', '209', 'C2', 'M18');

--Inserccion tabla DIAGNOSTICO
INSERT INTO DIAGNOSTICO(
    DIAGNOSTICO_ID,DIAGNOSTICO,CITAS_ID
) 
VALUES
('DI01','Gastritis','CT20');
-- Inserción 2
INSERT INTO DIAGNOSTICO(
    DIAGNOSTICO_ID, DIAGNOSTICO, CITAS_ID
) 
VALUES
('DI02', 'Arritmia', 'CT02'); -- Cardiología

-- Inserción 3
INSERT INTO DIAGNOSTICO(
    DIAGNOSTICO_ID, DIAGNOSTICO, CITAS_ID
) 
VALUES
('DI03', 'Gastritis', 'CT03'); -- Gastroenterología

-- Inserción 4
INSERT INTO DIAGNOSTICO(
    DIAGNOSTICO_ID, DIAGNOSTICO, CITAS_ID
) 
VALUES
('DI04', 'Úlcera Péptica', 'CT04'); -- Gastroenterología

-- Inserción 5
INSERT INTO DIAGNOSTICO(
    DIAGNOSTICO_ID, DIAGNOSTICO, CITAS_ID
) 
VALUES
('DI05', 'Colitis', 'CT05'); -- Gastroenterología

-- Inserción 6
INSERT INTO DIAGNOSTICO(
    DIAGNOSTICO_ID, DIAGNOSTICO, CITAS_ID
) 
VALUES
('DI06', 'Quiste Ovárico', 'CT06'); -- Ginecología

-- Inserción 7
INSERT INTO DIAGNOSTICO(
    DIAGNOSTICO_ID, DIAGNOSTICO, CITAS_ID
) 
VALUES
('DI07', 'Anemia', 'CT07'); -- Hematología

-- Inserción 8
INSERT INTO DIAGNOSTICO(
    DIAGNOSTICO_ID, DIAGNOSTICO, CITAS_ID
) 
VALUES
('DI08', 'Hepatitis B', 'CT08'); -- Infectología

-- Inserción 9
INSERT INTO DIAGNOSTICO(
    DIAGNOSTICO_ID, DIAGNOSTICO, CITAS_ID
) 
VALUES
('DI09', 'Migraña', 'CT09'); -- Neurología

-- Inserción 10
INSERT INTO DIAGNOSTICO(
    DIAGNOSTICO_ID, DIAGNOSTICO, CITAS_ID
) 
VALUES
('DI10', 'Insuficiencia Renal', 'CT10'); -- Nefrología

-- Inserción 11
INSERT INTO DIAGNOSTICO(
    DIAGNOSTICO_ID, DIAGNOSTICO, CITAS_ID
) 
VALUES
('DI11', 'Cataratas', 'CT11'); -- Oftalmología

-- Inserción 12
INSERT INTO DIAGNOSTICO(
    DIAGNOSTICO_ID, DIAGNOSTICO, CITAS_ID
) 
VALUES
('DI12', 'Cáncer de Mama', 'CT12'); -- Oncología

-- Inserción 13
INSERT INTO DIAGNOSTICO(
    DIAGNOSTICO_ID, DIAGNOSTICO, CITAS_ID
) 
VALUES
('DI13', 'Depresión Mayor', 'CT13'); -- Psiquiatría

-- Inserción 14
INSERT INTO DIAGNOSTICO(
    DIAGNOSTICO_ID, DIAGNOSTICO, CITAS_ID
) 
VALUES
('DI14', 'Ansiedad', 'CT14'); -- Psiquiatría

-- Inserción 15
INSERT INTO DIAGNOSTICO(
    DIAGNOSTICO_ID, DIAGNOSTICO, CITAS_ID
) 
VALUES
('DI15', 'Apendicitis', 'CT15'); -- Cirugía General

-- Inserción 16
INSERT INTO DIAGNOSTICO(
    DIAGNOSTICO_ID, DIAGNOSTICO, CITAS_ID
) 
VALUES
('DI16', 'Hernia Inguinal', 'CT16'); -- Cirugía General

-- Inserción 17
INSERT INTO DIAGNOSTICO(
    DIAGNOSTICO_ID, DIAGNOSTICO, CITAS_ID
) 
VALUES
('DI17', 'Colecistitis', 'CT17'); -- Cirugía General

-- Inserción 18
INSERT INTO DIAGNOSTICO(
    DIAGNOSTICO_ID, DIAGNOSTICO, CITAS_ID
) 
VALUES
('DI18', 'Fractura de Brazo', 'CT18'); -- Cirugía General

-- Inserción 19
INSERT INTO DIAGNOSTICO(
    DIAGNOSTICO_ID, DIAGNOSTICO, CITAS_ID
) 
VALUES
('DI19', 'Fractura de Pierna', 'CT19'); -- Cirugía General

-- Inserción 20
INSERT INTO DIAGNOSTICO(
    DIAGNOSTICO_ID, DIAGNOSTICO, CITAS_ID
) 
VALUES
('DI20', 'Rinoplastia', 'CT20'); -- Cirugía Plástica

--Inserccion tabla PADECIMIENTO
INSERT INTO PADECIMIENTO(
    PADECIMIENTO,PADECIMIENTO_ID
) 
VALUES
('Gastritis','PA01');
-- Inserción 2
INSERT INTO PADECIMIENTO(
    PADECIMIENTO,PADECIMIENTO_ID
) 
VALUES
('Arritmia','PA02'); -- Cardiología

-- Inserción 3
INSERT INTO PADECIMIENTO(
    PADECIMIENTO,PADECIMIENTO_ID
) 
VALUES
('Gastritis','PA03'); -- Gastroenterología

-- Inserción 4
INSERT INTO PADECIMIENTO(
    PADECIMIENTO,PADECIMIENTO_ID
) 
VALUES
('Úlcera Péptica','PA04'); -- Gastroenterología

-- Inserción 5
INSERT INTO PADECIMIENTO(
    PADECIMIENTO,PADECIMIENTO_ID
) 
VALUES
('Colitis','PA05'); -- Gastroenterología

-- Inserción 6
INSERT INTO PADECIMIENTO(
    PADECIMIENTO,PADECIMIENTO_ID
) 
VALUES
('Quiste Ovárico','PA06'); -- Ginecología

-- Inserción 7
INSERT INTO PADECIMIENTO(
    PADECIMIENTO,PADECIMIENTO_ID
) 
VALUES
('Anemia','PA07'); -- Hematología

-- Inserción 8
INSERT INTO PADECIMIENTO(
    PADECIMIENTO,PADECIMIENTO_ID
) 
VALUES
('Hepatitis B','PA08'); -- Infectología

-- Inserción 9
INSERT INTO PADECIMIENTO(
    PADECIMIENTO,PADECIMIENTO_ID
) 
VALUES
('Migraña','PA09'); -- Neurología

-- Inserción 10
INSERT INTO PADECIMIENTO(
    PADECIMIENTO,PADECIMIENTO_ID
) 
VALUES
('Insuficiencia Renal','PA10'); -- Nefrología

-- Inserción 11
INSERT INTO PADECIMIENTO(
    PADECIMIENTO,PADECIMIENTO_ID
) 
VALUES
('Cataratas','PA11'); -- Oftalmología

-- Inserción 12
INSERT INTO PADECIMIENTO(
    PADECIMIENTO,PADECIMIENTO_ID
) 
VALUES
('Cáncer de Mama','PA12'); -- Oncología

-- Inserción 13
INSERT INTO PADECIMIENTO(
    PADECIMIENTO,PADECIMIENTO_ID
) 
VALUES
('Depresión Mayor','PA13'); -- Psiquiatría

-- Inserción 14
INSERT INTO PADECIMIENTO(
    PADECIMIENTO,PADECIMIENTO_ID
) 
VALUES
('Ansiedad','PA14'); -- Psiquiatría

-- Inserción 15
INSERT INTO PADECIMIENTO(
    PADECIMIENTO,PADECIMIENTO_ID
) 
VALUES
('Apendicitis','PA15'); -- Cirugía General

-- Inserción 16
INSERT INTO PADECIMIENTO(
   PADECIMIENTO,PADECIMIENTO_ID
) 
VALUES
('Hernia Inguinal','PA16'); -- Cirugía General

-- Inserción 17
INSERT INTO PADECIMIENTO(
   PADECIMIENTO,PADECIMIENTO_ID
) 
VALUES
('Colecistitis','PA17'); -- Cirugía General

-- Inserción 18
INSERT INTO PADECIMIENTO(
    PADECIMIENTO,PADECIMIENTO_ID
) 
VALUES
('Fractura de Brazo','PA18'); -- Cirugía General

-- Inserción 19
INSERT INTO PADECIMIENTO(
    PADECIMIENTO,PADECIMIENTO_ID
) 
VALUES
('Fractura de Pierna','PA19'); -- Cirugía General

-- Inserción 20
INSERT INTO PADECIMIENTO(
    PADECIMIENTO,PADECIMIENTO_ID
) 
VALUES
('Rinoplastia','PA20'); -- Cirugía Plástica

--Inserccion tabla RECETA
INSERT INTO RECETA(
    DIAGNOSTICO_ID,MEDICAMENTO_ID,PERIODICIDAD
) 
VALUES
('DI01','ME01','5 dias cada 8 horas');

-- Inserción 1
INSERT INTO RECETA(
    DIAGNOSTICO_ID, MEDICAMENTO_ID, PERIODICIDAD
) 
VALUES
('DI02', 'ME02', '7 días cada 12 horas');

-- Inserción 2
INSERT INTO RECETA(
    DIAGNOSTICO_ID, MEDICAMENTO_ID, PERIODICIDAD
) 
VALUES
('DI03', 'ME03', '10 días cada 6 horas');

-- Inserción 3
INSERT INTO RECETA(
    DIAGNOSTICO_ID, MEDICAMENTO_ID, PERIODICIDAD
) 
VALUES
('DI04', 'ME04', '5 días cada 8 horas');

-- Inserción 4
INSERT INTO RECETA(
    DIAGNOSTICO_ID, MEDICAMENTO_ID, PERIODICIDAD
) 
VALUES
('DI05', 'ME05', 'Por 3 días cada 12 horas');

-- Inserción 5
INSERT INTO RECETA(
    DIAGNOSTICO_ID, MEDICAMENTO_ID, PERIODICIDAD
) 
VALUES
('DI06', 'ME06', '14 días cada 24 horas');

-- Inserción 6
INSERT INTO RECETA(
    DIAGNOSTICO_ID, MEDICAMENTO_ID, PERIODICIDAD
) 
VALUES
('DI07', 'ME07', '5 días cada 6 horas');

-- Inserción 7
INSERT INTO RECETA(
    DIAGNOSTICO_ID, MEDICAMENTO_ID, PERIODICIDAD
) 
VALUES
('DI08', 'ME08', '7 días cada 8 horas');

-- Inserción 8
INSERT INTO RECETA(
    DIAGNOSTICO_ID, MEDICAMENTO_ID, PERIODICIDAD
) 
VALUES
('DI09', 'ME09', '10 días cada 12 horas');

-- Inserción 9
INSERT INTO RECETA(
    DIAGNOSTICO_ID, MEDICAMENTO_ID, PERIODICIDAD
) 
VALUES
('DI10', 'ME10', '5 días cada 12 horas');

-- Inserción 10
INSERT INTO RECETA(
    DIAGNOSTICO_ID, MEDICAMENTO_ID, PERIODICIDAD
) 
VALUES
('DI11', 'ME11', '7 días cada 6 horas');

-- Inserción 11
INSERT INTO RECETA(
    DIAGNOSTICO_ID, MEDICAMENTO_ID, PERIODICIDAD
) 
VALUES
('DI12', 'ME12', '14 días cada 8 horas');

-- Inserción 12
INSERT INTO RECETA(
    DIAGNOSTICO_ID, MEDICAMENTO_ID, PERIODICIDAD
) 
VALUES
('DI13', 'ME13', '3 días cada 6 horas');

-- Inserción 13
INSERT INTO RECETA(
    DIAGNOSTICO_ID, MEDICAMENTO_ID, PERIODICIDAD
) 
VALUES
('DI14', 'ME14', '5 días cada 24 horas');

-- Inserción 14
INSERT INTO RECETA(
    DIAGNOSTICO_ID, MEDICAMENTO_ID, PERIODICIDAD
) 
VALUES
('DI15', 'ME15', '7 días cada 8 horas');

-- Inserción 15
INSERT INTO RECETA(
    DIAGNOSTICO_ID, MEDICAMENTO_ID, PERIODICIDAD
) 
VALUES
('DI16', 'ME16', '10 días cada 6 horas');

-- Inserción 16
INSERT INTO RECETA(
    DIAGNOSTICO_ID, MEDICAMENTO_ID, PERIODICIDAD
) 
VALUES
('DI17', 'ME17', '5 días cada 8 horas');

-- Inserción 17
INSERT INTO RECETA(
    DIAGNOSTICO_ID, MEDICAMENTO_ID, PERIODICIDAD
) 
VALUES
('DI18', 'ME18', '3 días cada 12 horas');

-- Inserción 18
INSERT INTO RECETA(
    DIAGNOSTICO_ID, MEDICAMENTO_ID, PERIODICIDAD
) 
VALUES
('DI19', 'ME19', '7 días cada 12 horas');

-- Inserción 19
INSERT INTO RECETA(
    DIAGNOSTICO_ID, MEDICAMENTO_ID, PERIODICIDAD
) 
VALUES
('DI20', 'ME20', '14 días cada 6 horas');

--Inserccion PACIENTE_PADECIMIENTO
INSERT INTO PACIENTE_PADECIMIENTO(
    PACIENTE_ID,OBSERVACION,PADECIMIENTO_ID
) 
VALUES
('C1','Paciente en tratamiento','PA01');

-- Inserción 1
INSERT INTO PACIENTE_PADECIMIENTO(
    PACIENTE_ID, OBSERVACION, PADECIMIENTO_ID
) 
VALUES
('C2', 'Paciente en tratamiento', 'PA02');

-- Inserción 2
INSERT INTO PACIENTE_PADECIMIENTO(
    PACIENTE_ID, OBSERVACION, PADECIMIENTO_ID
) 
VALUES
('C3', 'Mejora lenta pero constante', 'PA03');

-- Inserción 3
INSERT INTO PACIENTE_PADECIMIENTO(
    PACIENTE_ID, OBSERVACION, PADECIMIENTO_ID
) 
VALUES
('C4', 'Seguimiento mensual necesario', 'PA04');



-- Inserción 5
INSERT INTO PACIENTE_PADECIMIENTO(
    PACIENTE_ID, OBSERVACION, PADECIMIENTO_ID
) 
VALUES
('C6', 'Condición estable', 'PA06');

-- Inserción 6
INSERT INTO PACIENTE_PADECIMIENTO(
    PACIENTE_ID, OBSERVACION, PADECIMIENTO_ID
) 
VALUES
('C7', 'No presenta síntomas graves', 'PA07');

-- Inserción 7
INSERT INTO PACIENTE_PADECIMIENTO(
    PACIENTE_ID, OBSERVACION, PADECIMIENTO_ID
) 
VALUES
('C8', 'Sigue en observación médica', 'PA08');

-- Inserción 8
INSERT INTO PACIENTE_PADECIMIENTO(
    PACIENTE_ID, OBSERVACION, PADECIMIENTO_ID
) 
VALUES
('C9', 'Mejoría en síntomas', 'PA09');

-- Inserción 9
INSERT INTO PACIENTE_PADECIMIENTO(
    PACIENTE_ID, OBSERVACION, PADECIMIENTO_ID
) 
VALUES
('C10', 'Requiere revisión trimestral', 'PA10');

-- Inserción 10
INSERT INTO PACIENTE_PADECIMIENTO(
    PACIENTE_ID, OBSERVACION, PADECIMIENTO_ID
) 
VALUES
('C11', 'Condición bajo control', 'PA11');


-- Inserción 12
INSERT INTO PACIENTE_PADECIMIENTO(
    PACIENTE_ID, OBSERVACION, PADECIMIENTO_ID
) 
VALUES
('C13', 'Tratamiento reciente iniciado', 'PA13');

-- Inserción 13
INSERT INTO PACIENTE_PADECIMIENTO(
    PACIENTE_ID, OBSERVACION, PADECIMIENTO_ID
) 
VALUES
('C14', 'Se necesita seguimiento', 'PA14');

-- Inserción 14
INSERT INTO PACIENTE_PADECIMIENTO(
    PACIENTE_ID, OBSERVACION, PADECIMIENTO_ID
) 
VALUES
('C15', 'Sintomatología leve', 'PA15');

-- Inserción 15
INSERT INTO PACIENTE_PADECIMIENTO(
    PACIENTE_ID, OBSERVACION, PADECIMIENTO_ID
) 
VALUES
('C16', 'Aún presenta síntomas', 'PA16');

-- Inserción 16
INSERT INTO PACIENTE_PADECIMIENTO(
    PACIENTE_ID, OBSERVACION, PADECIMIENTO_ID
) 
VALUES
('C17', 'Requiere control mensual', 'PA17');

-- Inserción 17
INSERT INTO PACIENTE_PADECIMIENTO(
    PACIENTE_ID, OBSERVACION, PADECIMIENTO_ID
) 
VALUES
('C18', 'Presenta mejora significativa', 'PA18');

-- Inserción 18
INSERT INTO PACIENTE_PADECIMIENTO(
    PACIENTE_ID, OBSERVACION, PADECIMIENTO_ID
) 
VALUES
('C19', 'Evolución favorable', 'PA19');

-- Inserción 19
INSERT INTO PACIENTE_PADECIMIENTO(
    PACIENTE_ID, OBSERVACION, PADECIMIENTO_ID
) 
VALUES
('C20', 'Control cada seis meses', 'PA20');

-- Inserción 4
INSERT INTO PACIENTE_PADECIMIENTO(
    PACIENTE_ID, OBSERVACION, PADECIMIENTO_ID
) 
VALUES
('C5', 'Tratamiento preventivo aplicado', 'PA05');

-- Inserción 11
INSERT INTO PACIENTE_PADECIMIENTO(
    PACIENTE_ID, OBSERVACION, PADECIMIENTO_ID
) 
VALUES
('C12', 'Sin cambios desde la última cita', 'PA12');


--Inserccion en la tabla COMPUESTO
-- Inserción 1
INSERT INTO COMPUESTO(
    COMP_ID,NOMBRE,MED_ID,MEDICAMENTO_ID
) 
VALUES
('COM01', 'Paracetamol','MD01','ME01');



-- Inserción 4
INSERT INTO COMPUESTO(
    COMP_ID,NOMBRE,MED_ID,MEDICAMENTO_ID
) 
VALUES
('COM04', 'Amoxicilina','MD04','ME04');

-- Inserción 5
INSERT INTO COMPUESTO(
    COMP_ID,NOMBRE,MED_ID,MEDICAMENTO_ID
) 
VALUES
('COM05', 'Clonazepam','MD05','ME05');

-- Inserción 6
INSERT INTO COMPUESTO(
    COMP_ID,NOMBRE,MED_ID,MEDICAMENTO_ID
) 
VALUES
('COM06', 'Metformina','MD06','ME06');

-- Inserción 7
INSERT INTO COMPUESTO(
    COMP_ID,NOMBRE,MED_ID,MEDICAMENTO_ID
) 
VALUES
('COM07', 'Esomeprazol','MD07','ME07');

-- Inserción 8
INSERT INTO COMPUESTO(
    COMP_ID,NOMBRE,MED_ID,MEDICAMENTO_ID
) 
VALUES
('COM08', 'Loratadina','MD08','ME08');

-- Inserción 9
INSERT INTO COMPUESTO(
    COMP_ID,NOMBRE,MED_ID,MEDICAMENTO_ID
) 
VALUES
('COM09','Ciprofloxacina','MD09','ME09');

-- Inserción 10
INSERT INTO COMPUESTO(
   COMP_ID,NOMBRE,MED_ID,MEDICAMENTO_ID
) 
VALUES
('COM10','Losartán','MD10','ME10');

-- Inserción 11
INSERT INTO COMPUESTO(
    COMP_ID,NOMBRE,MED_ID,MEDICAMENTO_ID
) 
VALUES
('COM11', 'Diazepam','MD11','ME11');

-- Inserción 12
INSERT INTO COMPUESTO(
    COMP_ID,NOMBRE,MED_ID,MEDICAMENTO_ID
) 
VALUES
('COM12', 'Furosemida','MD12','ME12');

-- Inserción 13
INSERT INTO COMPUESTO(
    COMP_ID,NOMBRE,MED_ID,MEDICAMENTO_ID
) 
VALUES
('COM13', 'Doxiciclina','MD13','ME13');

-- Inserción 14
INSERT INTO COMPUESTO(
    COMP_ID,NOMBRE,MED_ID,MEDICAMENTO_ID
) 
VALUES
('COM14', 'Enalapril','MD14','ME14');

-- Inserción 15
INSERT INTO COMPUESTO(
    COMP_ID,NOMBRE,MED_ID,MEDICAMENTO_ID
) 
VALUES
('COM15', 'Sertralina','MD15','ME15');

-- Inserción 16
INSERT INTO COMPUESTO(
    COMP_ID,NOMBRE,MED_ID,MEDICAMENTO_ID
) 
VALUES
('COM16', 'Prednisona','MD16','ME16');

-- Inserción 17
INSERT INTO COMPUESTO(
    COMP_ID,NOMBRE,MED_ID,MEDICAMENTO_ID
) 
VALUES
('COM17', 'Captopril','MD17','ME17');

-- Inserción 18
INSERT INTO COMPUESTO(
    COMP_ID,NOMBRE,MED_ID,MEDICAMENTO_ID
) 
VALUES
('COM18', 'Simvastatina','MD18','ME18');

-- Inserción 19
INSERT INTO COMPUESTO(
    COMP_ID,NOMBRE,MED_ID,MEDICAMENTO_ID
) 
VALUES
('COM19', 'Levotiroxina','MD19','ME19');

-- Inserción 20
INSERT INTO COMPUESTO(
    COMP_ID,NOMBRE,MED_ID,MEDICAMENTO_ID
) 
VALUES
('COM20',' Ranitidina','MD20','ME20');

/*
-- Inserción 3
INSERT INTO COMPUESTO(
    COMP_ID,NOMBRE,MED_ID,MEDICAMENTO_ID
) 
VALUES
('COM03', 'Acetilsalicílico','MDO3','ME03');

-- Inserción 2
INSERT INTO COMPUESTO(
    COMP_ID,NOMBRE,MED_ID,MEDICAMENTO_ID
) 
VALUES
('COM02', 'Ibuprofeno','MDO2','ME02');
*/